Index,Textual Faithfulness,Frame Consistency,Video Fidelity,Source Video,Edited Video
0,4,4,3,data2/peacock,data2/peacock_0_v_0
1,4,4,3,data2/gold-fish,data2/gold-fish_0_v_0
2,3,3,2,data2/horse-race,data2/horse-race_0_v_0
3,4,3,3,data2/ocean-birds,data2/ocean-birds_0_v_0
4,4,3,3,data2/monkeys,data2/monkeys_0_v_0
5,4,3,4,data2/sheep,data2/sheep_0_v_0
6,4,4,3,data2/camel,data2/camel_0_v_0
7,4,4,4,data2/dog-competition,data2/dog-competition_0_v_0
8,2,3,3,data2/videvo_swans,data2/videvo_swans_0_v_0
9,4,4,4,data2/butterfly,data2/butterfly_0_v_0
10,4,4,4,data2/cat-girl,data2/cat-girl_0_v_0
11,4,4,3,data2/horsejump-low,data2/horsejump-low_0_v_0
12,3,3,2,data2/hurdles-race,data2/hurdles-race_0_v_1
13,4,3,3,data2/NextQA_man_jump_warehouse,data2/NextQA_man_jump_warehouse_0_v_1
14,4,4,4,data2/mbike-trick,data2/mbike-trick_0_v_1
15,4,4,3,data2/volleyball-beach,data2/volleyball-beach_0_v_1
16,4,4,3,data2/aerobatics,data2/aerobatics_0_v_1
17,4,3,2,data2/dogs-jump,data2/dogs-jump_0_v_1
18,4,4,3,data2/horsejump-stick,data2/horsejump-stick_0_v_1
19,4,3,3,data2/schoolgirls,data2/schoolgirls_0_v_1
20,4,3,4,data2/breakdance,data2/breakdance_0_v_1
21,4,4,4,data2/judo,data2/judo_0_v_1
22,4,4,4,data2/tennis-vest,data2/tennis-vest_0_v_1
23,4,3,3,data2/hike,data2/hike_0_v_1
24,4,3,3,data2/e-bike,data2/e-bike_0_v_2
25,4,3,3,data2/aerobatics,data2/aerobatics_0_v_2
26,4,3,3,data2/curling,data2/curling_0_v_2
27,4,4,4,data2/golf,data2/golf_0_v_2
28,4,4,3,data2/city-ride,data2/city-ride_0_v_2
29,4,3,3,data2/drift-turn,data2/drift-turn_0_v_2
30,5,3,4,data2/car-competition,data2/car-competition_0_v_2
31,5,3,4,data2/motorbike,data2/motorbike_0_v_2
32,4,3,2,data2/bmx-bumps,data2/bmx-bumps_0_v_2
33,4,3,4,data2/car-roundabout,data2/car-roundabout_0_v_2
34,4,3,3,data2/mbike-santa,data2/mbike-santa_0_v_2
35,4,3,3,data2/guitar-violin,data2/guitar-violin_0_v_2
36,4,3,3,data2/motocross-bumps,data2/motocross-bumps_0_v_3
37,3,4,3,data2/rollercoaster,data2/rollercoaster_0_v_3
38,4,4,4,data2/boxing-fisheye,data2/boxing-fisheye_0_v_3
39,4,3,3,data2/classic-car,data2/classic-car_0_v_3
40,4,3,3,data2/horsejump-stick,data2/horsejump-stick_0_v_3
41,4,3,3,data2/india,data2/india_0_v_3
42,4,3,3,data2/hurdles-race,data2/hurdles-race_0_v_3
43,4,4,3,data2/speed-skating,data2/speed-skating_0_v_3
44,4,3,3,data2/scooter-gray,data2/scooter-gray_0_v_3
45,4,4,4,data2/kite-surf,data2/kite-surf_0_v_3
46,5,4,3,data2/mbike-trick,data2/mbike-trick_0_v_3
47,4,4,4,data2/drone-flying,data2/drone-flying_0_v_3
48,4,4,3,data2/hockey,data2/hockey_0_v_4
49,4,4,3,data2/varanus-tree,data2/varanus-tree_0_v_4
50,3,4,2,data2/monkeys-trees,data2/monkeys-trees_0_v_4
51,4,4,4,data2/kite-walk,data2/kite-walk_0_v_4
52,4,3,2,data2/swing-boy,data2/swing-boy_0_v_4
53,4,4,4,data2/tennis-vest,data2/tennis-vest_0_v_4
54,4,3,2,data2/cat-girl,data2/cat-girl_0_v_4
55,4,4,3,data2/boxing,data2/boxing_0_v_4
56,4,4,2,data2/butterfly,data2/butterfly_0_v_4
57,4,3,3,data2/breakdance-flare,data2/breakdance-flare_0_v_4
58,4,4,2,data2/swing,data2/swing_0_v_4
59,4,4,3,data2/soccerball,data2/soccerball_0_v_4
60,4,4,4,data2/people-sunset,data2/people-sunset_0_v_4
61,4,4,3,data2/camel,data2/camel_0_v_4
62,4,3,2,data2/horse-race,data2/horse-race_0_v_4
63,4,4,3,data2/bmx-rider,data2/bmx-rider_0_v_4
64,4,4,3,data2/gym-ball,data2/gym-ball_0_v_4
65,3,3,2,data2/circus,data2/circus_0_v_4
66,4,4,4,data2/snowboard-sand,data2/snowboard-sand_0_v_4
67,4,3,3,data2/rollerblade,data2/rollerblade_0_v_4
68,5,4,4,data2/rhino,data2/rhino_0_v_4
69,4,4,3,data2/city-ride,data2/city-ride_0_v_4
70,4,3,3,data2/elephant,data2/elephant_0_v_4
71,4,4,4,data2/hike,data2/hike_0_v_4
72,4,4,4,data2/guitar-violin,data2/guitar-violin_0_v_5
73,4,5,4,data2/dolphins,data2/dolphins_0_v_5
74,4,4,4,data2/car-turn,data2/car-turn_0_v_5
75,4,3,3,data2/dancing,data2/dancing_0_v_5
76,4,4,4,data2/rollercoaster,data2/rollercoaster_0_v_5
77,4,4,4,data2/helicopter,data2/helicopter_0_v_5
78,4,5,4,data2/koala,data2/koala_0_v_5
79,4,3,3,data2/skate-jump,data2/skate-jump_0_v_5
80,3,2,2,data2/monkeys,data2/monkeys_0_v_5
81,4,4,3,data2/crafting,data2/crafting_0_v_5
82,5,3,4,data2/planes-water,data2/planes-water_0_v_5
83,4,4,4,data2/crossing,data2/crossing_0_v_5
84,4,3,4,data2/judo,data2/judo_0_v_5
85,4,4,4,data2/bears-ball,data2/bears-ball_0_v_5
86,4,4,4,data2/rallye,data2/rallye_0_v_5
87,4,4,3,data2/surfer,data2/surfer_0_v_5
88,4,3,4,data2/dog-control,data2/dog-control_0_v_5
89,3,3,3,data2/mbike-trick,data2/mbike-trick_0_v_5
90,5,3,4,data2/volleyball-beach,data2/volleyball-beach_0_v_5
91,4,4,3,data2/motorbike,data2/motorbike_0_v_5
92,4,4,3,data2/car-shadow,data2/car-shadow_0_v_5
93,4,4,4,data2/boat,data2/boat_0_v_5
94,4,4,3,data2/train,data2/train_0_v_5
95,4,3,3,data2/boxing-fisheye,data2/boxing-fisheye_0_v_5
96,1,1,1,data3/hurdles-race,data3/hurdles-race_0_v_6
97,3,3,3,data3/butterfly,data3/butterfly_0_v_6
98,1,2,2,data3/scooter-black,data3/scooter-black_0_v_6
99,1,1,1,data3/kart-turn,data3/kart-turn_0_v_6
100,1,1,1,data3/inflatable,data3/inflatable_0_v_6
101,1,1,1,data3/city-ride,data3/city-ride_0_v_6
102,1,1,1,data3/guitar-violin,data3/guitar-violin_0_v_6
103,2,1,1,data3/trucks-race,data3/trucks-race_0_v_6
104,3,2,2,data3/hockey,data3/hockey_0_v_6
105,4,3,3,data3/kite-walk,data3/kite-walk_0_v_6
106,3,2,1,data3/puppet,data3/puppet_0_v_6
107,2,2,2,data3/boxing,data3/boxing_0_v_6
108,1,1,1,data3/curling,data3/curling_0_v_6
109,2,2,2,data3/bmx-rider,data3/bmx-rider_0_v_6
110,3,2,2,data3/camel,data3/camel_0_v_6
111,2,2,2,data3/elephant,data3/elephant_0_v_6
112,4,3,3,data3/tennis-vest,data3/tennis-vest_0_v_6
113,3,2,1,data3/horse-race,data3/horse-race_0_v_6
114,1,1,1,data3/e-bike,data3/e-bike_0_v_6
115,3,2,2,data3/surfer,data3/surfer_0_v_6
116,1,1,1,data3/chamaleon,data3/chamaleon_0_v_6
117,1,1,1,data3/snowboard-race,data3/snowboard-race_0_v_6
118,1,1,1,data3/cat-girl,data3/cat-girl_0_v_6
119,1,1,1,data3/speed-skating,data3/speed-skating_0_v_6
120,1,1,1,data3/stroller,data3/stroller_0_v_6
121,4,3,3,data3/varanus-tree,data3/varanus-tree_0_v_6
122,4,3,2,data3/rallye,data3/rallye_0_v_6
123,1,1,1,data3/mtb-race,data3/mtb-race_0_v_6
124,3,3,2,data3/dog-gooses,data3/dog-gooses_0_v_6
125,1,1,1,data3/circus,data3/circus_0_v_6
126,4,3,3,data3/car-roundabout,data3/car-roundabout_0_v_6
127,2,2,2,data3/breakdance-flare,data3/breakdance-flare_0_v_6
128,3,2,2,data3/flamingo,data3/flamingo_0_v_7
129,2,2,2,data3/gold-fish,data3/gold-fish_0_v_7
130,4,3,3,data3/bears-ball,data3/bears-ball_0_v_7
131,2,2,2,data3/horsejump-stick,data3/horsejump-stick_0_v_7
132,1,1,1,data3/dance-jump,data3/dance-jump_0_v_7
133,3,3,3,data3/landing,data3/landing_0_v_7
134,3,3,3,data3/mbike-trick,data3/mbike-trick_0_v_7
135,3,3,2,data3/boat,data3/boat_0_v_7
136,2,1,1,data3/drift-turn,data3/drift-turn_0_v_7
137,3,2,2,data3/table-tennis,data3/table-tennis_0_v_7
138,3,3,3,data3/car-turn,data3/car-turn_0_v_7
139,1,1,1,data3/koala,data3/koala_0_v_7
140,1,1,1,data3/boxing-fisheye,data3/boxing-fisheye_0_v_7
141,1,1,1,data3/dolphins,data3/dolphins_0_v_7
142,2,2,2,data3/rhino,data3/rhino_0_v_7
143,1,1,1,data3/rollerblade,data3/rollerblade_0_v_7
144,1,1,1,data3/tennis,data3/tennis_0_v_7
145,1,1,1,data3/aerobatics,data3/aerobatics_0_v_7
146,2,2,2,data3/planes-water,data3/planes-water_0_v_7
147,3,3,2,data3/subway,data3/subway_0_v_7
148,3,3,2,data3/libby,data3/libby_0_v_7
149,2,2,2,data3/girl-dog,data3/girl-dog_0_v_7
150,2,2,2,data3/dog-agility,data3/dog-agility_0_v_7
151,3,3,3,data3/mallard-water,data3/mallard-water_0_v_7
152,2,2,2,data3/ducks,data3/ducks_0_v_7
153,3,2,2,data3/breakdance,data3/breakdance_0_v_7
154,2,1,1,data3/car-competition,data3/car-competition_0_v_7
155,1,1,1,data3/twist-dance,data3/twist-dance_0_v_7
156,2,2,2,data3/monster-trucks,data3/monster-trucks_0_v_7
157,2,1,1,data3/skate-jump,data3/skate-jump_0_v_7
158,1,1,1,data3/crafting,data3/crafting_0_v_7
159,2,2,2,data3/motorbike,data3/motorbike_0_v_7
1000,4,3,3,data2/peacock,data2/peacock_1_v_0
1001,4,4,3,data2/gold-fish,data2/gold-fish_1_v_0
1002,3,3,2,data2/horse-race,data2/horse-race_1_v_0
1003,4,4,4,data2/ocean-birds,data2/ocean-birds_1_v_0
1004,4,4,4,data2/monkeys,data2/monkeys_1_v_0
1005,4,4,4,data2/sheep,data2/sheep_1_v_0
1006,4,4,2,data2/camel,data2/camel_1_v_0
1007,4,3,4,data2/dog-competition,data2/dog-competition_1_v_0
1008,2,4,4,data2/videvo_swans,data2/videvo_swans_1_v_0
1009,4,4,3,data2/butterfly,data2/butterfly_1_v_0
1010,4,3,3,data2/cat-girl,data2/cat-girl_1_v_0
1011,4,4,4,data2/horsejump-low,data2/horsejump-low_1_v_0
1012,4,3,2,data2/hurdles-race,data2/hurdles-race_1_v_1
1013,4,3,3,data2/NextQA_man_jump_warehouse,data2/NextQA_man_jump_warehouse_1_v_1
1014,4,3,4,data2/mbike-trick,data2/mbike-trick_1_v_1
1015,4,4,4,data2/volleyball-beach,data2/volleyball-beach_1_v_1
1016,4,3,4,data2/aerobatics,data2/aerobatics_1_v_1
1017,4,3,3,data2/dogs-jump,data2/dogs-jump_1_v_1
1018,4,3,3,data2/horsejump-stick,data2/horsejump-stick_1_v_1
1019,4,3,3,data2/schoolgirls,data2/schoolgirls_1_v_1
1020,4,3,3,data2/breakdance,data2/breakdance_1_v_1
1021,4,4,4,data2/judo,data2/judo_1_v_1
1022,4,3,3,data2/tennis-vest,data2/tennis-vest_1_v_1
1023,4,4,4,data2/hike,data2/hike_1_v_1
1024,4,3,3,data2/e-bike,data2/e-bike_1_v_2
1025,4,3,4,data2/aerobatics,data2/aerobatics_1_v_2
1026,4,2,2,data2/curling,data2/curling_1_v_2
1027,4,4,4,data2/golf,data2/golf_1_v_2
1028,4,3,3,data2/city-ride,data2/city-ride_1_v_2
1029,4,4,4,data2/drift-turn,data2/drift-turn_1_v_2
1030,5,4,4,data2/car-competition,data2/car-competition_1_v_2
1031,5,4,4,data2/motorbike,data2/motorbike_1_v_2
1032,5,4,5,data2/bmx-bumps,data2/bmx-bumps_1_v_2
1033,5,4,5,data2/car-roundabout,data2/car-roundabout_1_v_2
1034,4,4,4,data2/mbike-santa,data2/mbike-santa_1_v_2
1035,4,4,4,data2/guitar-violin,data2/guitar-violin_1_v_2
1036,4,3,4,data2/motocross-bumps,data2/motocross-bumps_1_v_3
1037,4,4,4,data2/rollercoaster,data2/rollercoaster_1_v_3
1038,4,4,4,data2/boxing-fisheye,data2/boxing-fisheye_1_v_3
1039,3,2,3,data2/classic-car,data2/classic-car_1_v_3
1040,4,3,3,data2/horsejump-stick,data2/horsejump-stick_1_v_3
1041,4,3,3,data2/india,data2/india_1_v_3
1042,4,3,3,data2/hurdles-race,data2/hurdles-race_1_v_3
1043,4,4,3,data2/speed-skating,data2/speed-skating_1_v_3
1044,4,4,3,data2/scooter-gray,data2/scooter-gray_1_v_3
1045,4,4,4,data2/kite-surf,data2/kite-surf_1_v_3
1046,5,4,3,data2/mbike-trick,data2/mbike-trick_1_v_3
1047,4,4,3,data2/drone-flying,data2/drone-flying_1_v_3
1048,4,4,4,data2/hockey,data2/hockey_1_v_4
1049,5,4,4,data2/varanus-tree,data2/varanus-tree_1_v_4
1050,3,4,3,data2/monkeys-trees,data2/monkeys-trees_1_v_4
1051,4,4,4,data2/kite-walk,data2/kite-walk_1_v_4
1052,4,3,3,data2/swing-boy,data2/swing-boy_1_v_4
1053,4,4,4,data2/tennis-vest,data2/tennis-vest_1_v_4
1054,4,4,3,data2/cat-girl,data2/cat-girl_1_v_4
1055,4,4,3,data2/boxing,data2/boxing_1_v_4
1056,4,4,3,data2/butterfly,data2/butterfly_1_v_4
1057,4,3,3,data2/breakdance-flare,data2/breakdance-flare_1_v_4
1058,4,4,4,data2/swing,data2/swing_1_v_4
1059,4,4,4,data2/soccerball,data2/soccerball_1_v_4
1060,5,4,4,data2/people-sunset,data2/people-sunset_1_v_4
1061,4,4,4,data2/camel,data2/camel_1_v_4
1062,4,4,4,data2/horse-race,data2/horse-race_1_v_4
1063,4,4,3,data2/bmx-rider,data2/bmx-rider_1_v_4
1064,4,4,4,data2/gym-ball,data2/gym-ball_1_v_4
1065,4,4,4,data2/circus,data2/circus_1_v_4
1066,4,4,4,data2/snowboard-sand,data2/snowboard-sand_1_v_4
1067,4,4,3,data2/rollerblade,data2/rollerblade_1_v_4
1068,4,4,4,data2/rhino,data2/rhino_1_v_4
1069,4,4,3,data2/city-ride,data2/city-ride_1_v_4
1070,4,4,4,data2/elephant,data2/elephant_1_v_4
1071,5,4,4,data2/hike,data2/hike_1_v_4
1072,4,4,4,data2/guitar-violin,data2/guitar-violin_1_v_5
1073,4,5,5,data2/dolphins,data2/dolphins_1_v_5
1074,4,4,4,data2/car-turn,data2/car-turn_1_v_5
1075,4,3,2,data2/dancing,data2/dancing_1_v_5
1076,3,4,5,data2/rollercoaster,data2/rollercoaster_1_v_5
1077,4,4,3,data2/helicopter,data2/helicopter_1_v_5
1078,4,5,5,data2/koala,data2/koala_1_v_5
1079,3,3,3,data2/skate-jump,data2/skate-jump_1_v_5
1080,4,4,4,data2/monkeys,data2/monkeys_1_v_5
1081,4,4,4,data2/crafting,data2/crafting_1_v_5
1082,4,4,4,data2/planes-water,data2/planes-water_1_v_5
1083,4,3,3,data2/crossing,data2/crossing_1_v_5
1084,4,4,4,data2/judo,data2/judo_1_v_5
1085,4,5,5,data2/bears-ball,data2/bears-ball_1_v_5
1086,4,4,3,data2/rallye,data2/rallye_1_v_5
1087,4,4,3,data2/surfer,data2/surfer_1_v_5
1088,4,3,3,data2/dog-control,data2/dog-control_1_v_5
1089,5,4,4,data2/mbike-trick,data2/mbike-trick_1_v_5
1090,5,3,4,data2/volleyball-beach,data2/volleyball-beach_1_v_5
1091,4,4,2,data2/motorbike,data2/motorbike_1_v_5
1092,5,4,4,data2/car-shadow,data2/car-shadow_1_v_5
1093,4,4,4,data2/boat,data2/boat_1_v_5
1094,4,3,3,data2/train,data2/train_1_v_5
1095,4,3,4,data2/boxing-fisheye,data2/boxing-fisheye_1_v_5
1096,1,1,1,data3/hurdles-race,data3/hurdles-race_1_v_6
1097,3,3,3,data3/butterfly,data3/butterfly_1_v_6
1098,1,1,1,data3/scooter-black,data3/scooter-black_1_v_6
1099,1,1,1,data3/kart-turn,data3/kart-turn_1_v_6
1100,1,1,1,data3/inflatable,data3/inflatable_1_v_6
1101,1,1,1,data3/city-ride,data3/city-ride_1_v_6
1102,1,1,1,data3/guitar-violin,data3/guitar-violin_1_v_6
1103,2,1,1,data3/trucks-race,data3/trucks-race_1_v_6
1104,3,3,3,data3/hockey,data3/hockey_1_v_6
1105,3,3,3,data3/kite-walk,data3/kite-walk_1_v_6
1106,2,2,2,data3/puppet,data3/puppet_1_v_6
1107,3,3,3,data3/boxing,data3/boxing_1_v_6
1108,1,1,1,data3/curling,data3/curling_1_v_6
1109,2,2,2,data3/bmx-rider,data3/bmx-rider_1_v_6
1110,3,3,2,data3/camel,data3/camel_1_v_6
1111,2,2,2,data3/elephant,data3/elephant_1_v_6
1112,2,2,2,data3/tennis-vest,data3/tennis-vest_1_v_6
1113,1,1,1,data3/horse-race,data3/horse-race_1_v_6
1114,2,2,2,data3/e-bike,data3/e-bike_1_v_6
1115,1,1,1,data3/surfer,data3/surfer_1_v_6
1116,1,1,1,data3/chamaleon,data3/chamaleon_1_v_6
1117,1,1,1,data3/snowboard-race,data3/snowboard-race_1_v_6
1118,1,1,1,data3/cat-girl,data3/cat-girl_1_v_6
1119,2,2,2,data3/speed-skating,data3/speed-skating_1_v_6
1120,1,1,1,data3/stroller,data3/stroller_1_v_6
1121,2,2,2,data3/varanus-tree,data3/varanus-tree_1_v_6
1122,3,3,3,data3/rallye,data3/rallye_1_v_6
1123,1,1,1,data3/mtb-race,data3/mtb-race_1_v_6
1124,1,1,1,data3/dog-gooses,data3/dog-gooses_1_v_6
1125,1,1,1,data3/circus,data3/circus_1_v_6
1126,3,3,3,data3/car-roundabout,data3/car-roundabout_1_v_6
1127,3,3,3,data3/breakdance-flare,data3/breakdance-flare_1_v_6
1128,4,4,3,data3/flamingo,data3/flamingo_1_v_7
1129,2,2,2,data3/gold-fish,data3/gold-fish_1_v_7
1130,4,4,4,data3/bears-ball,data3/bears-ball_1_v_7
1131,3,3,2,data3/horsejump-stick,data3/horsejump-stick_1_v_7
1132,1,1,1,data3/dance-jump,data3/dance-jump_1_v_7
1133,1,1,1,data3/landing,data3/landing_1_v_7
1134,3,3,2,data3/mbike-trick,data3/mbike-trick_1_v_7
1135,4,3,2,data3/boat,data3/boat_1_v_7
1136,3,3,3,data3/drift-turn,data3/drift-turn_1_v_7
1137,1,1,1,data3/table-tennis,data3/table-tennis_1_v_7
1138,3,3,3,data3/car-turn,data3/car-turn_1_v_7
1139,1,1,1,data3/koala,data3/koala_1_v_7
1140,1,1,1,data3/boxing-fisheye,data3/boxing-fisheye_1_v_7
1141,1,1,1,data3/dolphins,data3/dolphins_1_v_7
1142,2,2,2,data3/rhino,data3/rhino_1_v_7
1143,1,1,1,data3/rollerblade,data3/rollerblade_1_v_7
1144,1,1,1,data3/tennis,data3/tennis_1_v_7
1145,1,1,1,data3/aerobatics,data3/aerobatics_1_v_7
1146,1,1,1,data3/planes-water,data3/planes-water_1_v_7
1147,2,2,2,data3/subway,data3/subway_1_v_7
1148,3,3,3,data3/libby,data3/libby_1_v_7
1149,1,1,1,data3/girl-dog,data3/girl-dog_1_v_7
1150,1,1,1,data3/dog-agility,data3/dog-agility_1_v_7
1151,3,3,4,data3/mallard-water,data3/mallard-water_1_v_7
1152,2,2,2,data3/ducks,data3/ducks_1_v_7
1153,2,2,2,data3/breakdance,data3/breakdance_1_v_7
1154,2,2,1,data3/car-competition,data3/car-competition_1_v_7
1155,1,1,1,data3/twist-dance,data3/twist-dance_1_v_7
1156,3,3,3,data3/monster-trucks,data3/monster-trucks_1_v_7
1157,2,1,1,data3/skate-jump,data3/skate-jump_1_v_7
1158,1,2,2,data3/crafting,data3/crafting_1_v_7
1159,1,1,1,data3/motorbike,data3/motorbike_1_v_7
2000,2,2,2,data2/peacock,data2/peacock_2_v_0
2001,4,2,2,data2/gold-fish,data2/gold-fish_2_v_0
2002,3,2,2,data2/horse-race,data2/horse-race_2_v_0
2003,3,2,2,data2/ocean-birds,data2/ocean-birds_2_v_0
2004,2,2,2,data2/monkeys,data2/monkeys_2_v_0
2005,3,2,2,data2/sheep,data2/sheep_2_v_0
2006,4,2,3,data2/camel,data2/camel_2_v_0
2007,4,2,2,data2/dog-competition,data2/dog-competition_2_v_0
2008,1,1,1,data2/videvo_swans,data2/videvo_swans_2_v_0
2009,4,2,3,data2/butterfly,data2/butterfly_2_v_0
2010,4,2,3,data2/cat-girl,data2/cat-girl_2_v_0
2011,4,2,2,data2/horsejump-low,data2/horsejump-low_2_v_0
2012,3,2,2,data2/hurdles-race,data2/hurdles-race_2_v_1
2013,3,1,2,data2/NextQA_man_jump_warehouse,data2/NextQA_man_jump_warehouse_2_v_1
2014,3,2,2,data2/mbike-trick,data2/mbike-trick_2_v_1
2015,3,2,2,data2/volleyball-beach,data2/volleyball-beach_2_v_1
2016,2,2,2,data2/aerobatics,data2/aerobatics_2_v_1
2017,2,1,1,data2/dogs-jump,data2/dogs-jump_2_v_1
2018,3,2,2,data2/horsejump-stick,data2/horsejump-stick_2_v_1
2019,2,1,1,data2/schoolgirls,data2/schoolgirls_2_v_1
2020,2,1,1,data2/breakdance,data2/breakdance_2_v_1
2021,3,2,2,data2/judo,data2/judo_2_v_1
2022,3,2,2,data2/tennis-vest,data2/tennis-vest_2_v_1
2023,5,1,3,data2/hike,data2/hike_2_v_1
2024,3,1,1,data2/e-bike,data2/e-bike_2_v_2
2025,3,1,1,data2/aerobatics,data2/aerobatics_2_v_2
2026,2,1,1,data2/curling,data2/curling_2_v_2
2027,2,1,1,data2/golf,data2/golf_2_v_2
2028,4,2,2,data2/city-ride,data2/city-ride_2_v_2
2029,3,1,1,data2/drift-turn,data2/drift-turn_2_v_2
2030,3,1,1,data2/car-competition,data2/car-competition_2_v_2
2031,3,2,2,data2/motorbike,data2/motorbike_2_v_2
2032,3,2,2,data2/bmx-bumps,data2/bmx-bumps_2_v_2
2033,4,3,3,data2/car-roundabout,data2/car-roundabout_2_v_2
2034,3,2,2,data2/mbike-santa,data2/mbike-santa_2_v_2
2035,3,2,2,data2/guitar-violin,data2/guitar-violin_2_v_2
2036,4,3,3,data2/motocross-bumps,data2/motocross-bumps_2_v_3
2037,2,1,1,data2/rollercoaster,data2/rollercoaster_2_v_3
2038,3,2,2,data2/boxing-fisheye,data2/boxing-fisheye_2_v_3
2039,4,3,3,data2/classic-car,data2/classic-car_2_v_3
2040,2,2,2,data2/horsejump-stick,data2/horsejump-stick_2_v_3
2041,2,1,1,data2/india,data2/india_2_v_3
2042,2,2,2,data2/hurdles-race,data2/hurdles-race_2_v_3
2043,3,2,2,data2/speed-skating,data2/speed-skating_2_v_3
2044,2,2,2,data2/scooter-gray,data2/scooter-gray_2_v_3
2045,4,3,4,data2/kite-surf,data2/kite-surf_2_v_3
2046,4,3,3,data2/mbike-trick,data2/mbike-trick_2_v_3
2047,1,1,1,data2/drone-flying,data2/drone-flying_2_v_3
2048,3,2,2,data2/hockey,data2/hockey_2_v_4
2049,3,2,2,data2/varanus-tree,data2/varanus-tree_2_v_4
2050,4,2,2,data2/monkeys-trees,data2/monkeys-trees_2_v_4
2051,3,2,2,data2/kite-walk,data2/kite-walk_2_v_4
2052,3,2,2,data2/swing-boy,data2/swing-boy_2_v_4
2053,3,2,2,data2/tennis-vest,data2/tennis-vest_2_v_4
2054,4,2,2,data2/cat-girl,data2/cat-girl_2_v_4
2055,3,2,1,data2/boxing,data2/boxing_2_v_4
2056,4,2,2,data2/butterfly,data2/butterfly_2_v_4
2057,3,2,2,data2/breakdance-flare,data2/breakdance-flare_2_v_4
2058,3,2,2,data2/swing,data2/swing_2_v_4
2059,4,2,2,data2/soccerball,data2/soccerball_2_v_4
2060,3,2,2,data2/people-sunset,data2/people-sunset_2_v_4
2061,3,1,2,data2/camel,data2/camel_2_v_4
2062,3,1,1,data2/horse-race,data2/horse-race_2_v_4
2063,2,1,1,data2/bmx-rider,data2/bmx-rider_2_v_4
2064,4,3,4,data2/gym-ball,data2/gym-ball_2_v_4
2065,3,1,1,data2/circus,data2/circus_2_v_4
2066,3,2,2,data2/snowboard-sand,data2/snowboard-sand_2_v_4
2067,4,2,2,data2/rollerblade,data2/rollerblade_2_v_4
2068,3,2,2,data2/rhino,data2/rhino_2_v_4
2069,4,3,3,data2/city-ride,data2/city-ride_2_v_4
2070,3,2,3,data2/elephant,data2/elephant_2_v_4
2071,4,1,2,data2/hike,data2/hike_2_v_4
2072,3,2,2,data2/guitar-violin,data2/guitar-violin_2_v_5
2073,3,2,2,data2/dolphins,data2/dolphins_2_v_5
2074,4,2,3,data2/car-turn,data2/car-turn_2_v_5
2075,2,2,2,data2/dancing,data2/dancing_2_v_5
2076,2,1,1,data2/rollercoaster,data2/rollercoaster_2_v_5
2077,4,3,3,data2/helicopter,data2/helicopter_2_v_5
2078,3,2,2,data2/koala,data2/koala_2_v_5
2079,3,1,1,data2/skate-jump,data2/skate-jump_2_v_5
2080,3,1,1,data2/monkeys,data2/monkeys_2_v_5
2081,3,1,1,data2/crafting,data2/crafting_2_v_5
2082,2,1,1,data2/planes-water,data2/planes-water_2_v_5
2083,5,4,4,data2/crossing,data2/crossing_2_v_5
2084,4,2,2,data2/judo,data2/judo_2_v_5
2085,3,2,2,data2/bears-ball,data2/bears-ball_2_v_5
2086,3,2,2,data2/rallye,data2/rallye_2_v_5
2087,4,2,2,data2/surfer,data2/surfer_2_v_5
2088,4,2,3,data2/dog-control,data2/dog-control_2_v_5
2089,3,2,1,data2/mbike-trick,data2/mbike-trick_2_v_5
2090,4,2,2,data2/volleyball-beach,data2/volleyball-beach_2_v_5
2091,3,2,2,data2/motorbike,data2/motorbike_2_v_5
2092,4,2,2,data2/car-shadow,data2/car-shadow_2_v_5
2093,3,2,2,data2/boat,data2/boat_2_v_5
2094,3,2,2,data2/train,data2/train_2_v_5
2095,2,2,2,data2/boxing-fisheye,data2/boxing-fisheye_2_v_5
2096,1,1,1,data3/hurdles-race,data3/hurdles-race_2_v_6
2097,3,2,1,data3/butterfly,data3/butterfly_2_v_6
2098,1,1,1,data3/scooter-black,data3/scooter-black_2_v_6
2099,4,1,1,data3/kart-turn,data3/kart-turn_2_v_6
2100,3,1,1,data3/inflatable,data3/inflatable_2_v_6
2101,3,1,1,data3/city-ride,data3/city-ride_2_v_6
2102,2,1,1,data3/guitar-violin,data3/guitar-violin_2_v_6
2103,2,1,1,data3/trucks-race,data3/trucks-race_2_v_6
2104,2,1,1,data3/hockey,data3/hockey_2_v_6
2105,2,1,1,data3/kite-walk,data3/kite-walk_2_v_6
2106,2,1,1,data3/puppet,data3/puppet_2_v_6
2107,1,1,1,data3/boxing,data3/boxing_2_v_6
2108,1,1,1,data3/curling,data3/curling_2_v_6
2109,3,1,1,data3/bmx-rider,data3/bmx-rider_2_v_6
2110,2,1,1,data3/camel,data3/camel_2_v_6
2111,1,1,1,data3/elephant,data3/elephant_2_v_6
2112,3,1,1,data3/tennis-vest,data3/tennis-vest_2_v_6
2113,2,1,1,data3/horse-race,data3/horse-race_2_v_6
2114,3,1,1,data3/e-bike,data3/e-bike_2_v_6
2115,1,1,1,data3/surfer,data3/surfer_2_v_6
2116,3,1,1,data3/chamaleon,data3/chamaleon_2_v_6
2117,1,1,1,data3/snowboard-race,data3/snowboard-race_2_v_6
2118,3,1,1,data3/cat-girl,data3/cat-girl_2_v_6
2119,1,1,1,data3/speed-skating,data3/speed-skating_2_v_6
2120,1,1,1,data3/stroller,data3/stroller_2_v_6
2121,3,1,1,data3/varanus-tree,data3/varanus-tree_2_v_6
2122,3,1,1,data3/rallye,data3/rallye_2_v_6
2123,3,1,1,data3/mtb-race,data3/mtb-race_2_v_6
2124,3,1,1,data3/dog-gooses,data3/dog-gooses_2_v_6
2125,1,1,1,data3/circus,data3/circus_2_v_6
2126,4,1,2,data3/car-roundabout,data3/car-roundabout_2_v_6
2127,3,1,1,data3/breakdance-flare,data3/breakdance-flare_2_v_6
2128,2,1,1,data3/flamingo,data3/flamingo_2_v_7
2129,3,2,1,data3/gold-fish,data3/gold-fish_2_v_7
2130,3,1,1,data3/bears-ball,data3/bears-ball_2_v_7
2131,2,2,1,data3/horsejump-stick,data3/horsejump-stick_2_v_7
2132,3,1,1,data3/dance-jump,data3/dance-jump_2_v_7
2133,1,1,1,data3/landing,data3/landing_2_v_7
2134,3,1,1,data3/mbike-trick,data3/mbike-trick_2_v_7
2135,3,1,1,data3/boat,data3/boat_2_v_7
2136,2,1,1,data3/drift-turn,data3/drift-turn_2_v_7
2137,1,1,1,data3/table-tennis,data3/table-tennis_2_v_7
2138,1,1,1,data3/car-turn,data3/car-turn_2_v_7
2139,3,1,1,data3/koala,data3/koala_2_v_7
2140,1,1,1,data3/boxing-fisheye,data3/boxing-fisheye_2_v_7
2141,3,1,1,data3/dolphins,data3/dolphins_2_v_7
2142,3,1,1,data3/rhino,data3/rhino_2_v_7
2143,3,1,1,data3/rollerblade,data3/rollerblade_2_v_7
2144,4,1,1,data3/tennis,data3/tennis_2_v_7
2145,2,1,1,data3/aerobatics,data3/aerobatics_2_v_7
2146,1,1,1,data3/planes-water,data3/planes-water_2_v_7
2147,3,1,1,data3/subway,data3/subway_2_v_7
2148,3,1,1,data3/libby,data3/libby_2_v_7
2149,3,1,1,data3/girl-dog,data3/girl-dog_2_v_7
2150,3,1,1,data3/dog-agility,data3/dog-agility_2_v_7
2151,3,1,1,data3/mallard-water,data3/mallard-water_2_v_7
2152,1,1,1,data3/ducks,data3/ducks_2_v_7
2153,2,1,1,data3/breakdance,data3/breakdance_2_v_7
2154,4,1,1,data3/car-competition,data3/car-competition_2_v_7
2155,3,1,1,data3/twist-dance,data3/twist-dance_2_v_7
2156,2,1,1,data3/monster-trucks,data3/monster-trucks_2_v_7
2157,3,1,1,data3/skate-jump,data3/skate-jump_2_v_7
2158,3,1,3,data3/crafting,data3/crafting_2_v_7
2159,2,1,1,data3/motorbike,data3/motorbike_2_v_7
3000,3,4,4,data2/peacock,data2/peacock_3_v_0
3001,4,4,4,data2/gold-fish,data2/gold-fish_3_v_0
3002,4,4,4,data2/horse-race,data2/horse-race_3_v_0
3003,4,5,4,data2/ocean-birds,data2/ocean-birds_3_v_0
3004,1,4,5,data2/monkeys,data2/monkeys_3_v_0
3005,4,3,3,data2/sheep,data2/sheep_3_v_0
3006,4,3,3,data2/camel,data2/camel_3_v_0
3007,4,4,4,data2/dog-competition,data2/dog-competition_3_v_0
3008,4,4,4,data2/videvo_swans,data2/videvo_swans_3_v_0
3009,4,4,4,data2/butterfly,data2/butterfly_3_v_0
3010,4,4,4,data2/cat-girl,data2/cat-girl_3_v_0
3011,4,4,4,data2/horsejump-low,data2/horsejump-low_3_v_0
3012,4,3,3,data2/hurdles-race,data2/hurdles-race_3_v_1
3013,4,3,4,data2/NextQA_man_jump_warehouse,data2/NextQA_man_jump_warehouse_3_v_1
3014,4,3,3,data2/mbike-trick,data2/mbike-trick_3_v_1
3015,4,4,4,data2/volleyball-beach,data2/volleyball-beach_3_v_1
3016,4,4,4,data2/aerobatics,data2/aerobatics_3_v_1
3017,4,4,4,data2/dogs-jump,data2/dogs-jump_3_v_1
3018,4,5,5,data2/horsejump-stick,data2/horsejump-stick_3_v_1
3019,4,3,4,data2/schoolgirls,data2/schoolgirls_3_v_1
3020,4,4,4,data2/breakdance,data2/breakdance_3_v_1
3021,4,4,4,data2/judo,data2/judo_3_v_1
3022,4,3,4,data2/tennis-vest,data2/tennis-vest_3_v_1
3023,4,4,5,data2/hike,data2/hike_3_v_1
3024,4,4,4,data2/e-bike,data2/e-bike_3_v_2
3025,3,4,4,data2/aerobatics,data2/aerobatics_3_v_2
3026,4,4,4,data2/curling,data2/curling_3_v_2
3027,4,4,3,data2/golf,data2/golf_3_v_2
3028,4,3,3,data2/city-ride,data2/city-ride_3_v_2
3029,4,4,4,data2/drift-turn,data2/drift-turn_3_v_2
3030,5,4,5,data2/car-competition,data2/car-competition_3_v_2
3031,5,4,3,data2/motorbike,data2/motorbike_3_v_2
3032,4,4,4,data2/bmx-bumps,data2/bmx-bumps_3_v_2
3033,4,4,4,data2/car-roundabout,data2/car-roundabout_3_v_2
3034,4,3,4,data2/mbike-santa,data2/mbike-santa_3_v_2
3035,4,5,4,data2/guitar-violin,data2/guitar-violin_3_v_2
3036,4,4,4,data2/motocross-bumps,data2/motocross-bumps_3_v_3
3037,4,4,5,data2/rollercoaster,data2/rollercoaster_3_v_3
3038,4,4,4,data2/boxing-fisheye,data2/boxing-fisheye_3_v_3
3039,4,3,4,data2/classic-car,data2/classic-car_3_v_3
3040,4,4,5,data2/horsejump-stick,data2/horsejump-stick_3_v_3
3041,4,4,4,data2/india,data2/india_3_v_3
3042,4,4,4,data2/hurdles-race,data2/hurdles-race_3_v_3
3043,5,4,4,data2/speed-skating,data2/speed-skating_3_v_3
3044,4,4,4,data2/scooter-gray,data2/scooter-gray_3_v_3
3045,4,4,4,data2/kite-surf,data2/kite-surf_3_v_3
3046,4,4,4,data2/mbike-trick,data2/mbike-trick_3_v_3
3047,3,3,2,data2/drone-flying,data2/drone-flying_3_v_3
3048,4,4,4,data2/hockey,data2/hockey_3_v_4
3049,4,5,5,data2/varanus-tree,data2/varanus-tree_3_v_4
3050,4,4,3,data2/monkeys-trees,data2/monkeys-trees_3_v_4
3051,3,3,2,data2/kite-walk,data2/kite-walk_3_v_4
3052,4,3,3,data2/swing-boy,data2/swing-boy_3_v_4
3053,4,4,4,data2/tennis-vest,data2/tennis-vest_3_v_4
3054,4,4,4,data2/cat-girl,data2/cat-girl_3_v_4
3055,4,4,4,data2/boxing,data2/boxing_3_v_4
3056,4,4,4,data2/butterfly,data2/butterfly_3_v_4
3057,5,4,4,data2/breakdance-flare,data2/breakdance-flare_3_v_4
3058,4,5,5,data2/swing,data2/swing_3_v_4
3059,4,4,4,data2/soccerball,data2/soccerball_3_v_4
3060,4,4,4,data2/people-sunset,data2/people-sunset_3_v_4
3061,4,4,4,data2/camel,data2/camel_3_v_4
3062,4,4,4,data2/horse-race,data2/horse-race_3_v_4
3063,4,5,5,data2/bmx-rider,data2/bmx-rider_3_v_4
3064,4,4,4,data2/gym-ball,data2/gym-ball_3_v_4
3065,4,4,4,data2/circus,data2/circus_3_v_4
3066,4,5,5,data2/snowboard-sand,data2/snowboard-sand_3_v_4
3067,4,5,5,data2/rollerblade,data2/rollerblade_3_v_4
3068,4,4,4,data2/rhino,data2/rhino_3_v_4
3069,4,4,4,data2/city-ride,data2/city-ride_3_v_4
3070,4,4,4,data2/elephant,data2/elephant_3_v_4
3071,5,4,3,data2/hike,data2/hike_3_v_4
3072,4,4,4,data2/guitar-violin,data2/guitar-violin_3_v_5
3073,4,4,4,data2/dolphins,data2/dolphins_3_v_5
3074,4,5,5,data2/car-turn,data2/car-turn_3_v_5
3075,4,4,5,data2/dancing,data2/dancing_3_v_5
3076,4,4,5,data2/rollercoaster,data2/rollercoaster_3_v_5
3077,4,4,4,data2/helicopter,data2/helicopter_3_v_5
3078,4,5,5,data2/koala,data2/koala_3_v_5
3079,4,4,3,data2/skate-jump,data2/skate-jump_3_v_5
3080,4,4,5,data2/monkeys,data2/monkeys_3_v_5
3081,4,4,4,data2/crafting,data2/crafting_3_v_5
3082,4,4,5,data2/planes-water,data2/planes-water_3_v_5
3083,4,2,4,data2/crossing,data2/crossing_3_v_5
3084,4,4,4,data2/judo,data2/judo_3_v_5
3085,5,5,5,data2/bears-ball,data2/bears-ball_3_v_5
3086,4,4,4,data2/rallye,data2/rallye_3_v_5
3087,4,4,4,data2/surfer,data2/surfer_3_v_5
3088,4,4,4,data2/dog-control,data2/dog-control_3_v_5
3089,4,4,4,data2/mbike-trick,data2/mbike-trick_3_v_5
3090,4,4,4,data2/volleyball-beach,data2/volleyball-beach_3_v_5
3091,4,5,4,data2/motorbike,data2/motorbike_3_v_5
3092,5,5,4,data2/car-shadow,data2/car-shadow_3_v_5
3093,4,4,4,data2/boat,data2/boat_3_v_5
3094,4,4,4,data2/train,data2/train_3_v_5
3095,4,3,4,data2/boxing-fisheye,data2/boxing-fisheye_3_v_5
3096,1,1,1,data3/hurdles-race,data3/hurdles-race_3_v_6
3097,1,1,1,data3/butterfly,data3/butterfly_3_v_6
3098,1,1,1,data3/scooter-black,data3/scooter-black_3_v_6
3099,1,1,1,data3/kart-turn,data3/kart-turn_3_v_6
3100,1,1,1,data3/inflatable,data3/inflatable_3_v_6
3101,1,1,1,data3/city-ride,data3/city-ride_3_v_6
3102,1,1,1,data3/guitar-violin,data3/guitar-violin_3_v_6
3103,1,1,1,data3/trucks-race,data3/trucks-race_3_v_6
3104,3,3,3,data3/hockey,data3/hockey_3_v_6
3105,2,2,2,data3/kite-walk,data3/kite-walk_3_v_6
3106,3,3,3,data3/puppet,data3/puppet_3_v_6
3107,1,1,1,data3/boxing,data3/boxing_3_v_6
3108,1,1,1,data3/curling,data3/curling_3_v_6
3109,1,1,1,data3/bmx-rider,data3/bmx-rider_3_v_6
3110,2,2,1,data3/camel,data3/camel_3_v_6
3111,2,1,1,data3/elephant,data3/elephant_3_v_6
3112,1,1,1,data3/tennis-vest,data3/tennis-vest_3_v_6
3113,1,1,1,data3/horse-race,data3/horse-race_3_v_6
3114,1,1,1,data3/e-bike,data3/e-bike_3_v_6
3115,1,1,1,data3/surfer,data3/surfer_3_v_6
3116,1,1,1,data3/chamaleon,data3/chamaleon_3_v_6
3117,1,1,1,data3/snowboard-race,data3/snowboard-race_3_v_6
3118,1,1,1,data3/cat-girl,data3/cat-girl_3_v_6
3119,1,1,1,data3/speed-skating,data3/speed-skating_3_v_6
3120,1,1,1,data3/stroller,data3/stroller_3_v_6
3121,1,1,1,data3/varanus-tree,data3/varanus-tree_3_v_6
3122,1,1,1,data3/rallye,data3/rallye_3_v_6
3123,1,1,1,data3/mtb-race,data3/mtb-race_3_v_6
3124,1,2,2,data3/dog-gooses,data3/dog-gooses_3_v_6
3125,1,1,1,data3/circus,data3/circus_3_v_6
3126,2,2,2,data3/car-roundabout,data3/car-roundabout_3_v_6
3127,1,1,1,data3/breakdance-flare,data3/breakdance-flare_3_v_6
3128,1,1,1,data3/flamingo,data3/flamingo_3_v_7
3129,2,1,1,data3/gold-fish,data3/gold-fish_3_v_7
3130,4,4,4,data3/bears-ball,data3/bears-ball_3_v_7
3131,3,3,3,data3/horsejump-stick,data3/horsejump-stick_3_v_7
3132,1,1,1,data3/dance-jump,data3/dance-jump_3_v_7
3133,1,1,1,data3/landing,data3/landing_3_v_7
3134,1,1,1,data3/mbike-trick,data3/mbike-trick_3_v_7
3135,2,2,2,data3/boat,data3/boat_3_v_7
3136,1,1,1,data3/drift-turn,data3/drift-turn_3_v_7
3137,1,2,2,data3/table-tennis,data3/table-tennis_3_v_7
3138,1,1,1,data3/car-turn,data3/car-turn_3_v_7
3139,1,1,1,data3/koala,data3/koala_3_v_7
3140,1,1,1,data3/boxing-fisheye,data3/boxing-fisheye_3_v_7
3141,1,1,1,data3/dolphins,data3/dolphins_3_v_7
3142,2,2,2,data3/rhino,data3/rhino_3_v_7
3143,1,1,1,data3/rollerblade,data3/rollerblade_3_v_7
3144,1,1,1,data3/tennis,data3/tennis_3_v_7
3145,1,1,1,data3/aerobatics,data3/aerobatics_3_v_7
3146,2,2,2,data3/planes-water,data3/planes-water_3_v_7
3147,1,1,1,data3/subway,data3/subway_3_v_7
3148,1,1,1,data3/libby,data3/libby_3_v_7
3149,1,1,1,data3/girl-dog,data3/girl-dog_3_v_7
3150,2,2,2,data3/dog-agility,data3/dog-agility_3_v_7
3151,3,3,3,data3/mallard-water,data3/mallard-water_3_v_7
3152,1,1,1,data3/ducks,data3/ducks_3_v_7
3153,1,1,1,data3/breakdance,data3/breakdance_3_v_7
3154,1,1,1,data3/car-competition,data3/car-competition_3_v_7
3155,1,1,1,data3/twist-dance,data3/twist-dance_3_v_7
3156,2,2,2,data3/monster-trucks,data3/monster-trucks_3_v_7
3157,1,1,1,data3/skate-jump,data3/skate-jump_3_v_7
3158,1,1,1,data3/crafting,data3/crafting_3_v_7
3159,1,1,1,data3/motorbike,data3/motorbike_3_v_7
4000,4,2,2,data2/peacock,data2/peacock_4_v_0
4001,4,3,2,data2/gold-fish,data2/gold-fish_4_v_0
4002,4,3,3,data2/horse-race,data2/horse-race_4_v_0
4003,4,2,3,data2/ocean-birds,data2/ocean-birds_4_v_0
4004,4,3,2,data2/monkeys,data2/monkeys_4_v_0
4005,3,2,1,data2/sheep,data2/sheep_4_v_0
4006,4,3,3,data2/camel,data2/camel_4_v_0
4007,4,3,3,data2/dog-competition,data2/dog-competition_4_v_0
4008,1,3,3,data2/videvo_swans,data2/videvo_swans_4_v_0
4009,4,3,3,data2/butterfly,data2/butterfly_4_v_0
4010,4,3,2,data2/cat-girl,data2/cat-girl_4_v_0
4011,4,3,2,data2/horsejump-low,data2/horsejump-low_4_v_0
4012,3,2,2,data2/hurdles-race,data2/hurdles-race_4_v_1
4013,3,2,2,data2/NextQA_man_jump_warehouse,data2/NextQA_man_jump_warehouse_4_v_1
4014,3,3,3,data2/mbike-trick,data2/mbike-trick_4_v_1
4015,3,2,2,data2/volleyball-beach,data2/volleyball-beach_4_v_1
4016,4,4,4,data2/aerobatics,data2/aerobatics_4_v_1
4017,2,2,2,data2/dogs-jump,data2/dogs-jump_4_v_1
4018,4,4,4,data2/horsejump-stick,data2/horsejump-stick_4_v_1
4019,3,2,2,data2/schoolgirls,data2/schoolgirls_4_v_1
4020,3,2,2,data2/breakdance,data2/breakdance_4_v_1
4021,4,3,2,data2/judo,data2/judo_4_v_1
4022,4,3,3,data2/tennis-vest,data2/tennis-vest_4_v_1
4023,4,3,3,data2/hike,data2/hike_4_v_1
4024,3,2,2,data2/e-bike,data2/e-bike_4_v_2
4025,3,3,3,data2/aerobatics,data2/aerobatics_4_v_2
4026,2,2,2,data2/curling,data2/curling_4_v_2
4027,3,2,2,data2/golf,data2/golf_4_v_2
4028,4,3,3,data2/city-ride,data2/city-ride_4_v_2
4029,4,3,2,data2/drift-turn,data2/drift-turn_4_v_2
4030,4,3,2,data2/car-competition,data2/car-competition_4_v_2
4031,4,3,3,data2/motorbike,data2/motorbike_4_v_2
4032,4,2,3,data2/bmx-bumps,data2/bmx-bumps_4_v_2
4033,4,3,2,data2/car-roundabout,data2/car-roundabout_4_v_2
4034,4,3,3,data2/mbike-santa,data2/mbike-santa_4_v_2
4035,4,3,3,data2/guitar-violin,data2/guitar-violin_4_v_2
4036,4,3,3,data2/motocross-bumps,data2/motocross-bumps_4_v_3
4037,4,2,2,data2/rollercoaster,data2/rollercoaster_4_v_3
4038,3,3,2,data2/boxing-fisheye,data2/boxing-fisheye_4_v_3
4039,4,4,3,data2/classic-car,data2/classic-car_4_v_3
4040,5,3,2,data2/horsejump-stick,data2/horsejump-stick_4_v_3
4041,4,3,2,data2/india,data2/india_4_v_3
4042,4,3,2,data2/hurdles-race,data2/hurdles-race_4_v_3
4043,4,3,2,data2/speed-skating,data2/speed-skating_4_v_3
4044,4,2,2,data2/scooter-gray,data2/scooter-gray_4_v_3
4045,4,4,3,data2/kite-surf,data2/kite-surf_4_v_3
4046,4,2,2,data2/mbike-trick,data2/mbike-trick_4_v_3
4047,4,3,3,data2/drone-flying,data2/drone-flying_4_v_3
4048,4,3,2,data2/hockey,data2/hockey_4_v_4
4049,4,2,2,data2/varanus-tree,data2/varanus-tree_4_v_4
4050,3,2,2,data2/monkeys-trees,data2/monkeys-trees_4_v_4
4051,5,4,4,data2/kite-walk,data2/kite-walk_4_v_4
4052,4,3,3,data2/swing-boy,data2/swing-boy_4_v_4
4053,4,3,3,data2/tennis-vest,data2/tennis-vest_4_v_4
4054,4,3,2,data2/cat-girl,data2/cat-girl_4_v_4
4055,5,4,4,data2/boxing,data2/boxing_4_v_4
4056,4,4,3,data2/butterfly,data2/butterfly_4_v_4
4057,4,4,3,data2/breakdance-flare,data2/breakdance-flare_4_v_4
4058,4,3,3,data2/swing,data2/swing_4_v_4
4059,4,3,2,data2/soccerball,data2/soccerball_4_v_4
4060,4,3,3,data2/people-sunset,data2/people-sunset_4_v_4
4061,4,3,3,data2/camel,data2/camel_4_v_4
4062,4,3,3,data2/horse-race,data2/horse-race_4_v_4
4063,4,3,3,data2/bmx-rider,data2/bmx-rider_4_v_4
4064,4,3,2,data2/gym-ball,data2/gym-ball_4_v_4
4065,4,3,3,data2/circus,data2/circus_4_v_4
4066,4,4,3,data2/snowboard-sand,data2/snowboard-sand_4_v_4
4067,3,2,2,data2/rollerblade,data2/rollerblade_4_v_4
4068,4,3,3,data2/rhino,data2/rhino_4_v_4
4069,4,4,3,data2/city-ride,data2/city-ride_4_v_4
4070,3,4,3,data2/elephant,data2/elephant_4_v_4
4071,4,4,3,data2/hike,data2/hike_4_v_4
4072,4,3,3,data2/guitar-violin,data2/guitar-violin_4_v_5
4073,4,4,3,data2/dolphins,data2/dolphins_4_v_5
4074,4,3,3,data2/car-turn,data2/car-turn_4_v_5
4075,3,3,3,data2/dancing,data2/dancing_4_v_5
4076,4,3,3,data2/rollercoaster,data2/rollercoaster_4_v_5
4077,4,2,3,data2/helicopter,data2/helicopter_4_v_5
4078,4,3,3,data2/koala,data2/koala_4_v_5
4079,3,3,2,data2/skate-jump,data2/skate-jump_4_v_5
4080,4,3,2,data2/monkeys,data2/monkeys_4_v_5
4081,4,3,2,data2/crafting,data2/crafting_4_v_5
4082,4,4,2,data2/planes-water,data2/planes-water_4_v_5
4083,4,2,2,data2/crossing,data2/crossing_4_v_5
4084,4,3,3,data2/judo,data2/judo_4_v_5
4085,4,3,3,data2/bears-ball,data2/bears-ball_4_v_5
4086,4,3,3,data2/rallye,data2/rallye_4_v_5
4087,4,2,2,data2/surfer,data2/surfer_4_v_5
4088,3,2,3,data2/dog-control,data2/dog-control_4_v_5
4089,4,3,2,data2/mbike-trick,data2/mbike-trick_4_v_5
4090,3,3,2,data2/volleyball-beach,data2/volleyball-beach_4_v_5
4091,4,3,2,data2/motorbike,data2/motorbike_4_v_5
4092,4,3,3,data2/car-shadow,data2/car-shadow_4_v_5
4093,4,3,2,data2/boat,data2/boat_4_v_5
4094,4,3,2,data2/train,data2/train_4_v_5
4095,4,3,3,data2/boxing-fisheye,data2/boxing-fisheye_4_v_5
4096,1,1,1,data3/hurdles-race,data3/hurdles-race_4_v_6
4097,2,1,1,data3/butterfly,data3/butterfly_4_v_6
4098,1,1,1,data3/scooter-black,data3/scooter-black_4_v_6
4099,3,1,1,data3/kart-turn,data3/kart-turn_4_v_6
4100,1,1,1,data3/inflatable,data3/inflatable_4_v_6
4101,3,1,1,data3/city-ride,data3/city-ride_4_v_6
4102,2,1,1,data3/guitar-violin,data3/guitar-violin_4_v_6
4103,2,1,2,data3/trucks-race,data3/trucks-race_4_v_6
4104,3,1,1,data3/hockey,data3/hockey_4_v_6
4105,4,2,2,data3/kite-walk,data3/kite-walk_4_v_6
4106,4,2,3,data3/puppet,data3/puppet_4_v_6
4107,3,2,2,data3/boxing,data3/boxing_4_v_6
4108,1,1,1,data3/curling,data3/curling_4_v_6
4109,4,2,1,data3/bmx-rider,data3/bmx-rider_4_v_6
4110,3,2,2,data3/camel,data3/camel_4_v_6
4111,2,2,1,data3/elephant,data3/elephant_4_v_6
4112,2,2,1,data3/tennis-vest,data3/tennis-vest_4_v_6
4113,4,2,2,data3/horse-race,data3/horse-race_4_v_6
4114,4,2,2,data3/e-bike,data3/e-bike_4_v_6
4115,1,1,1,data3/surfer,data3/surfer_4_v_6
4116,1,1,1,data3/chamaleon,data3/chamaleon_4_v_6
4117,1,1,1,data3/snowboard-race,data3/snowboard-race_4_v_6
4118,4,2,2,data3/cat-girl,data3/cat-girl_4_v_6
4119,1,1,1,data3/speed-skating,data3/speed-skating_4_v_6
4120,3,1,1,data3/stroller,data3/stroller_4_v_6
4121,2,2,1,data3/varanus-tree,data3/varanus-tree_4_v_6
4122,2,2,1,data3/rallye,data3/rallye_4_v_6
4123,2,2,2,data3/mtb-race,data3/mtb-race_4_v_6
4124,3,1,2,data3/dog-gooses,data3/dog-gooses_4_v_6
4125,2,1,1,data3/circus,data3/circus_4_v_6
4126,4,2,2,data3/car-roundabout,data3/car-roundabout_4_v_6
4127,1,1,1,data3/breakdance-flare,data3/breakdance-flare_4_v_6
4128,2,2,2,data3/flamingo,data3/flamingo_4_v_7
4129,3,2,2,data3/gold-fish,data3/gold-fish_4_v_7
4130,3,2,2,data3/bears-ball,data3/bears-ball_4_v_7
4131,2,2,2,data3/horsejump-stick,data3/horsejump-stick_4_v_7
4132,2,1,1,data3/dance-jump,data3/dance-jump_4_v_7
4133,3,2,2,data3/landing,data3/landing_4_v_7
4134,2,2,2,data3/mbike-trick,data3/mbike-trick_4_v_7
4135,2,2,1,data3/boat,data3/boat_4_v_7
4136,4,3,2,data3/drift-turn,data3/drift-turn_4_v_7
4137,1,1,1,data3/table-tennis,data3/table-tennis_4_v_7
4138,3,3,2,data3/car-turn,data3/car-turn_4_v_7
4139,3,1,1,data3/koala,data3/koala_4_v_7
4140,1,1,1,data3/boxing-fisheye,data3/boxing-fisheye_4_v_7
4141,2,2,2,data3/dolphins,data3/dolphins_4_v_7
4142,2,2,2,data3/rhino,data3/rhino_4_v_7
4143,3,1,1,data3/rollerblade,data3/rollerblade_4_v_7
4144,3,2,2,data3/tennis,data3/tennis_4_v_7
4145,2,2,2,data3/aerobatics,data3/aerobatics_4_v_7
4146,3,3,2,data3/planes-water,data3/planes-water_4_v_7
4147,2,1,1,data3/subway,data3/subway_4_v_7
4148,3,2,2,data3/libby,data3/libby_4_v_7
4149,1,1,1,data3/girl-dog,data3/girl-dog_4_v_7
4150,2,2,2,data3/dog-agility,data3/dog-agility_4_v_7
4151,1,1,1,data3/mallard-water,data3/mallard-water_4_v_7
4152,2,1,1,data3/ducks,data3/ducks_4_v_7
4153,2,1,1,data3/breakdance,data3/breakdance_4_v_7
4154,2,2,2,data3/car-competition,data3/car-competition_4_v_7
4155,3,2,2,data3/twist-dance,data3/twist-dance_4_v_7
4156,3,1,1,data3/monster-trucks,data3/monster-trucks_4_v_7
4157,1,1,1,data3/skate-jump,data3/skate-jump_4_v_7
4158,1,1,1,data3/crafting,data3/crafting_4_v_7
4159,2,2,1,data3/motorbike,data3/motorbike_4_v_7
5000,3,3,3,data2/peacock,data2/peacock_5_v_0
5001,4,3,3,data2/gold-fish,data2/gold-fish_5_v_0
5002,4,3,3,data2/horse-race,data2/horse-race_5_v_0
5003,4,4,4,data2/ocean-birds,data2/ocean-birds_5_v_0
5004,4,4,4,data2/monkeys,data2/monkeys_5_v_0
5005,4,3,4,data2/sheep,data2/sheep_5_v_0
5006,3,4,3,data2/camel,data2/camel_5_v_0
5007,5,4,5,data2/dog-competition,data2/dog-competition_5_v_0
5008,1,4,2,data2/videvo_swans,data2/videvo_swans_5_v_0
5009,5,4,4,data2/butterfly,data2/butterfly_5_v_0
5010,4,4,4,data2/cat-girl,data2/cat-girl_5_v_0
5011,4,4,4,data2/horsejump-low,data2/horsejump-low_5_v_0
5012,4,3,3,data2/hurdles-race,data2/hurdles-race_5_v_1
5013,4,4,3,data2/NextQA_man_jump_warehouse,data2/NextQA_man_jump_warehouse_5_v_1
5014,5,4,4,data2/mbike-trick,data2/mbike-trick_5_v_1
5015,4,4,4,data2/volleyball-beach,data2/volleyball-beach_5_v_1
5016,4,3,3,data2/aerobatics,data2/aerobatics_5_v_1
5017,4,3,3,data2/dogs-jump,data2/dogs-jump_5_v_1
5018,3,3,4,data2/horsejump-stick,data2/horsejump-stick_5_v_1
5019,4,3,3,data2/schoolgirls,data2/schoolgirls_5_v_1
5020,4,4,4,data2/breakdance,data2/breakdance_5_v_1
5021,4,3,4,data2/judo,data2/judo_5_v_1
5022,4,4,4,data2/tennis-vest,data2/tennis-vest_5_v_1
5023,4,4,4,data2/hike,data2/hike_5_v_1
5024,4,3,2,data2/e-bike,data2/e-bike_5_v_2
5025,3,3,3,data2/aerobatics,data2/aerobatics_5_v_2
5026,4,4,3,data2/curling,data2/curling_5_v_2
5027,4,3,3,data2/golf,data2/golf_5_v_2
5028,4,4,3,data2/city-ride,data2/city-ride_5_v_2
5029,4,3,3,data2/drift-turn,data2/drift-turn_5_v_2
5030,4,3,4,data2/car-competition,data2/car-competition_5_v_2
5031,4,3,3,data2/motorbike,data2/motorbike_5_v_2
5032,5,4,3,data2/bmx-bumps,data2/bmx-bumps_5_v_2
5033,5,4,4,data2/car-roundabout,data2/car-roundabout_5_v_2
5034,4,4,4,data2/mbike-santa,data2/mbike-santa_5_v_2
5035,4,4,4,data2/guitar-violin,data2/guitar-violin_5_v_2
5036,4,4,4,data2/motocross-bumps,data2/motocross-bumps_5_v_3
5037,3,4,3,data2/rollercoaster,data2/rollercoaster_5_v_3
5038,4,3,3,data2/boxing-fisheye,data2/boxing-fisheye_5_v_3
5039,4,3,4,data2/classic-car,data2/classic-car_5_v_3
5040,4,3,4,data2/horsejump-stick,data2/horsejump-stick_5_v_3
5041,4,4,3,data2/india,data2/india_5_v_3
5042,4,3,3,data2/hurdles-race,data2/hurdles-race_5_v_3
5043,4,4,3,data2/speed-skating,data2/speed-skating_5_v_3
5044,4,4,4,data2/scooter-gray,data2/scooter-gray_5_v_3
5045,4,4,4,data2/kite-surf,data2/kite-surf_5_v_3
5046,4,4,3,data2/mbike-trick,data2/mbike-trick_5_v_3
5047,3,3,3,data2/drone-flying,data2/drone-flying_5_v_3
5048,4,4,3,data2/hockey,data2/hockey_5_v_4
5049,4,3,3,data2/varanus-tree,data2/varanus-tree_5_v_4
5050,4,3,3,data2/monkeys-trees,data2/monkeys-trees_5_v_4
5051,4,4,3,data2/kite-walk,data2/kite-walk_5_v_4
5052,4,3,3,data2/swing-boy,data2/swing-boy_5_v_4
5053,4,3,3,data2/tennis-vest,data2/tennis-vest_5_v_4
5054,4,3,2,data2/cat-girl,data2/cat-girl_5_v_4
5055,4,4,3,data2/boxing,data2/boxing_5_v_4
5056,4,4,4,data2/butterfly,data2/butterfly_5_v_4
5057,4,4,4,data2/breakdance-flare,data2/breakdance-flare_5_v_4
5058,4,4,4,data2/swing,data2/swing_5_v_4
5059,5,4,4,data2/soccerball,data2/soccerball_5_v_4
5060,4,4,4,data2/people-sunset,data2/people-sunset_5_v_4
5061,4,3,2,data2/camel,data2/camel_5_v_4
5062,4,3,3,data2/horse-race,data2/horse-race_5_v_4
5063,5,4,4,data2/bmx-rider,data2/bmx-rider_5_v_4
5064,4,4,3,data2/gym-ball,data2/gym-ball_5_v_4
5065,4,3,3,data2/circus,data2/circus_5_v_4
5066,4,4,4,data2/snowboard-sand,data2/snowboard-sand_5_v_4
5067,4,3,3,data2/rollerblade,data2/rollerblade_5_v_4
5068,4,3,3,data2/rhino,data2/rhino_5_v_4
5069,4,4,4,data2/city-ride,data2/city-ride_5_v_4
5070,4,4,3,data2/elephant,data2/elephant_5_v_4
5071,4,4,4,data2/hike,data2/hike_5_v_4
5072,4,4,3,data2/guitar-violin,data2/guitar-violin_5_v_5
5073,4,4,4,data2/dolphins,data2/dolphins_5_v_5
5074,4,2,2,data2/car-turn,data2/car-turn_5_v_5
5075,4,3,4,data2/dancing,data2/dancing_5_v_5
5076,4,4,3,data2/rollercoaster,data2/rollercoaster_5_v_5
5077,4,4,3,data2/helicopter,data2/helicopter_5_v_5
5078,3,2,2,data2/koala,data2/koala_5_v_5
5079,4,3,3,data2/skate-jump,data2/skate-jump_5_v_5
5080,4,4,3,data2/monkeys,data2/monkeys_5_v_5
5081,4,4,3,data2/crafting,data2/crafting_5_v_5
5082,5,4,4,data2/planes-water,data2/planes-water_5_v_5
5083,4,3,2,data2/crossing,data2/crossing_5_v_5
5084,4,4,3,data2/judo,data2/judo_5_v_5
5085,4,3,2,data2/bears-ball,data2/bears-ball_5_v_5
5086,4,4,3,data2/rallye,data2/rallye_5_v_5
5087,4,3,2,data2/surfer,data2/surfer_5_v_5
5088,4,4,4,data2/dog-control,data2/dog-control_5_v_5
5089,4,4,4,data2/mbike-trick,data2/mbike-trick_5_v_5
5090,4,4,4,data2/volleyball-beach,data2/volleyball-beach_5_v_5
5091,4,5,4,data2/motorbike,data2/motorbike_5_v_5
5092,4,4,3,data2/car-shadow,data2/car-shadow_5_v_5
5093,4,4,3,data2/boat,data2/boat_5_v_5
5094,4,4,3,data2/train,data2/train_5_v_5
5095,4,4,3,data2/boxing-fisheye,data2/boxing-fisheye_5_v_5
5096,3,3,2,data3/hurdles-race,data3/hurdles-race_5_v_6
5097,4,3,3,data3/butterfly,data3/butterfly_5_v_6
5098,1,1,1,data3/scooter-black,data3/scooter-black_5_v_6
5099,3,3,2,data3/kart-turn,data3/kart-turn_5_v_6
5100,1,1,1,data3/inflatable,data3/inflatable_5_v_6
5101,2,2,2,data3/city-ride,data3/city-ride_5_v_6
5102,1,1,1,data3/guitar-violin,data3/guitar-violin_5_v_6
5103,1,1,1,data3/trucks-race,data3/trucks-race_5_v_6
5104,4,3,2,data3/hockey,data3/hockey_5_v_6
5105,3,3,3,data3/kite-walk,data3/kite-walk_5_v_6
5106,3,3,3,data3/puppet,data3/puppet_5_v_6
5107,1,1,1,data3/boxing,data3/boxing_5_v_6
5108,2,2,2,data3/curling,data3/curling_5_v_6
5109,1,1,1,data3/bmx-rider,data3/bmx-rider_5_v_6
5110,2,2,2,data3/camel,data3/camel_5_v_6
5111,2,2,2,data3/elephant,data3/elephant_5_v_6
5112,4,3,2,data3/tennis-vest,data3/tennis-vest_5_v_6
5113,4,2,3,data3/horse-race,data3/horse-race_5_v_6
5114,3,2,2,data3/e-bike,data3/e-bike_5_v_6
5115,1,1,1,data3/surfer,data3/surfer_5_v_6
5116,2,2,2,data3/chamaleon,data3/chamaleon_5_v_6
5117,3,2,2,data3/snowboard-race,data3/snowboard-race_5_v_6
5118,2,2,2,data3/cat-girl,data3/cat-girl_5_v_6
5119,1,1,1,data3/speed-skating,data3/speed-skating_5_v_6
5120,2,2,2,data3/stroller,data3/stroller_5_v_6
5121,1,1,1,data3/varanus-tree,data3/varanus-tree_5_v_6
5122,3,3,3,data3/rallye,data3/rallye_5_v_6
5123,2,2,2,data3/mtb-race,data3/mtb-race_5_v_6
5124,2,2,2,data3/dog-gooses,data3/dog-gooses_5_v_6
5125,1,1,1,data3/circus,data3/circus_5_v_6
5126,2,2,2,data3/car-roundabout,data3/car-roundabout_5_v_6
5127,1,1,1,data3/breakdance-flare,data3/breakdance-flare_5_v_6
5128,3,2,2,data3/flamingo,data3/flamingo_5_v_7
5129,1,1,1,data3/gold-fish,data3/gold-fish_5_v_7
5130,2,2,1,data3/bears-ball,data3/bears-ball_5_v_7
5131,2,2,2,data3/horsejump-stick,data3/horsejump-stick_5_v_7
5132,2,2,2,data3/dance-jump,data3/dance-jump_5_v_7
5133,1,1,1,data3/landing,data3/landing_5_v_7
5134,4,3,3,data3/mbike-trick,data3/mbike-trick_5_v_7
5135,2,2,2,data3/boat,data3/boat_5_v_7
5136,4,3,3,data3/drift-turn,data3/drift-turn_5_v_7
5137,2,2,1,data3/table-tennis,data3/table-tennis_5_v_7
5138,2,2,2,data3/car-turn,data3/car-turn_5_v_7
5139,2,1,1,data3/koala,data3/koala_5_v_7
5140,1,1,1,data3/boxing-fisheye,data3/boxing-fisheye_5_v_7
5141,4,2,2,data3/dolphins,data3/dolphins_5_v_7
5142,3,2,2,data3/rhino,data3/rhino_5_v_7
5143,3,2,2,data3/rollerblade,data3/rollerblade_5_v_7
5144,1,1,1,data3/tennis,data3/tennis_5_v_7
5145,2,2,2,data3/aerobatics,data3/aerobatics_5_v_7
5146,1,1,1,data3/planes-water,data3/planes-water_5_v_7
5147,3,3,3,data3/subway,data3/subway_5_v_7
5148,4,3,3,data3/libby,data3/libby_5_v_7
5149,1,1,1,data3/girl-dog,data3/girl-dog_5_v_7
5150,4,3,3,data3/dog-agility,data3/dog-agility_5_v_7
5151,3,4,4,data3/mallard-water,data3/mallard-water_5_v_7
5152,3,3,4,data3/ducks,data3/ducks_5_v_7
5153,2,2,2,data3/breakdance,data3/breakdance_5_v_7
5154,2,2,2,data3/car-competition,data3/car-competition_5_v_7
5155,2,2,2,data3/twist-dance,data3/twist-dance_5_v_7
5156,4,3,3,data3/monster-trucks,data3/monster-trucks_5_v_7
5157,1,1,1,data3/skate-jump,data3/skate-jump_5_v_7
5158,1,1,1,data3/crafting,data3/crafting_5_v_7
5159,1,1,1,data3/motorbike,data3/motorbike_5_v_7
6000,4,3,2,data2/peacock,data2/peacock_6_v_0
6001,4,2,2,data2/gold-fish,data2/gold-fish_6_v_0
6002,4,2,2,data2/horse-race,data2/horse-race_6_v_0
6003,4,2,2,data2/ocean-birds,data2/ocean-birds_6_v_0
6004,4,2,3,data2/monkeys,data2/monkeys_6_v_0
6005,4,2,3,data2/sheep,data2/sheep_6_v_0
6006,4,3,3,data2/camel,data2/camel_6_v_0
6007,3,2,2,data2/dog-competition,data2/dog-competition_6_v_0
6008,1,1,2,data2/videvo_swans,data2/videvo_swans_6_v_0
6009,4,2,2,data2/butterfly,data2/butterfly_6_v_0
6010,4,2,3,data2/cat-girl,data2/cat-girl_6_v_0
6011,4,2,2,data2/horsejump-low,data2/horsejump-low_6_v_0
6012,3,1,2,data2/hurdles-race,data2/hurdles-race_6_v_1
6013,4,2,2,data2/NextQA_man_jump_warehouse,data2/NextQA_man_jump_warehouse_6_v_1
6014,4,3,4,data2/mbike-trick,data2/mbike-trick_6_v_1
6015,4,3,3,data2/volleyball-beach,data2/volleyball-beach_6_v_1
6016,3,2,2,data2/aerobatics,data2/aerobatics_6_v_1
6017,1,1,1,data2/dogs-jump,data2/dogs-jump_6_v_1
6018,4,2,2,data2/horsejump-stick,data2/horsejump-stick_6_v_1
6019,3,2,2,data2/schoolgirls,data2/schoolgirls_6_v_1
6020,3,2,2,data2/breakdance,data2/breakdance_6_v_1
6021,3,2,3,data2/judo,data2/judo_6_v_1
6022,4,2,2,data2/tennis-vest,data2/tennis-vest_6_v_1
6023,4,3,3,data2/hike,data2/hike_6_v_1
6024,4,2,3,data2/e-bike,data2/e-bike_6_v_2
6025,4,2,2,data2/aerobatics,data2/aerobatics_6_v_2
6026,3,2,3,data2/curling,data2/curling_6_v_2
6027,3,1,2,data2/golf,data2/golf_6_v_2
6028,3,2,2,data2/city-ride,data2/city-ride_6_v_2
6029,3,2,3,data2/drift-turn,data2/drift-turn_6_v_2
6030,3,2,2,data2/car-competition,data2/car-competition_6_v_2
6031,3,2,2,data2/motorbike,data2/motorbike_6_v_2
6032,3,2,2,data2/bmx-bumps,data2/bmx-bumps_6_v_2
6033,4,2,3,data2/car-roundabout,data2/car-roundabout_6_v_2
6034,4,2,2,data2/mbike-santa,data2/mbike-santa_6_v_2
6035,4,3,3,data2/guitar-violin,data2/guitar-violin_6_v_2
6036,4,2,2,data2/motocross-bumps,data2/motocross-bumps_6_v_3
6037,3,3,3,data2/rollercoaster,data2/rollercoaster_6_v_3
6038,3,2,3,data2/boxing-fisheye,data2/boxing-fisheye_6_v_3
6039,4,2,2,data2/classic-car,data2/classic-car_6_v_3
6040,3,3,3,data2/horsejump-stick,data2/horsejump-stick_6_v_3
6041,4,2,3,data2/india,data2/india_6_v_3
6042,3,2,2,data2/hurdles-race,data2/hurdles-race_6_v_3
6043,3,2,2,data2/speed-skating,data2/speed-skating_6_v_3
6044,4,3,3,data2/scooter-gray,data2/scooter-gray_6_v_3
6045,4,3,3,data2/kite-surf,data2/kite-surf_6_v_3
6046,3,3,3,data2/mbike-trick,data2/mbike-trick_6_v_3
6047,3,2,2,data2/drone-flying,data2/drone-flying_6_v_3
6048,4,2,3,data2/hockey,data2/hockey_6_v_4
6049,4,2,3,data2/varanus-tree,data2/varanus-tree_6_v_4
6050,2,3,3,data2/monkeys-trees,data2/monkeys-trees_6_v_4
6051,3,2,2,data2/kite-walk,data2/kite-walk_6_v_4
6052,4,2,2,data2/swing-boy,data2/swing-boy_6_v_4
6053,4,2,2,data2/tennis-vest,data2/tennis-vest_6_v_4
6054,4,3,3,data2/cat-girl,data2/cat-girl_6_v_4
6055,4,2,2,data2/boxing,data2/boxing_6_v_4
6056,4,3,3,data2/butterfly,data2/butterfly_6_v_4
6057,3,2,2,data2/breakdance-flare,data2/breakdance-flare_6_v_4
6058,5,2,2,data2/swing,data2/swing_6_v_4
6059,4,2,2,data2/soccerball,data2/soccerball_6_v_4
6060,4,3,4,data2/people-sunset,data2/people-sunset_6_v_4
6061,4,3,3,data2/camel,data2/camel_6_v_4
6062,3,2,2,data2/horse-race,data2/horse-race_6_v_4
6063,4,2,2,data2/bmx-rider,data2/bmx-rider_6_v_4
6064,5,3,3,data2/gym-ball,data2/gym-ball_6_v_4
6065,3,3,2,data2/circus,data2/circus_6_v_4
6066,4,3,3,data2/snowboard-sand,data2/snowboard-sand_6_v_4
6067,4,2,3,data2/rollerblade,data2/rollerblade_6_v_4
6068,4,2,2,data2/rhino,data2/rhino_6_v_4
6069,4,2,2,data2/city-ride,data2/city-ride_6_v_4
6070,4,2,2,data2/elephant,data2/elephant_6_v_4
6071,4,2,3,data2/hike,data2/hike_6_v_4
6072,4,2,2,data2/guitar-violin,data2/guitar-violin_6_v_5
6073,4,3,3,data2/dolphins,data2/dolphins_6_v_5
6074,4,3,3,data2/car-turn,data2/car-turn_6_v_5
6075,4,2,3,data2/dancing,data2/dancing_6_v_5
6076,4,2,3,data2/rollercoaster,data2/rollercoaster_6_v_5
6077,4,2,2,data2/helicopter,data2/helicopter_6_v_5
6078,4,2,3,data2/koala,data2/koala_6_v_5
6079,3,2,2,data2/skate-jump,data2/skate-jump_6_v_5
6080,4,2,2,data2/monkeys,data2/monkeys_6_v_5
6081,4,2,2,data2/crafting,data2/crafting_6_v_5
6082,3,4,3,data2/planes-water,data2/planes-water_6_v_5
6083,4,3,2,data2/crossing,data2/crossing_6_v_5
6084,4,3,3,data2/judo,data2/judo_6_v_5
6085,3,2,2,data2/bears-ball,data2/bears-ball_6_v_5
6086,4,4,4,data2/rallye,data2/rallye_6_v_5
6087,4,3,3,data2/surfer,data2/surfer_6_v_5
6088,4,2,2,data2/dog-control,data2/dog-control_6_v_5
6089,4,3,3,data2/mbike-trick,data2/mbike-trick_6_v_5
6090,4,3,3,data2/volleyball-beach,data2/volleyball-beach_6_v_5
6091,3,2,2,data2/motorbike,data2/motorbike_6_v_5
6092,3,2,2,data2/car-shadow,data2/car-shadow_6_v_5
6093,4,2,3,data2/boat,data2/boat_6_v_5
6094,4,2,2,data2/train,data2/train_6_v_5
6095,4,3,3,data2/boxing-fisheye,data2/boxing-fisheye_6_v_5
6096,2,1,1,data3/hurdles-race,data3/hurdles-race_6_v_6
6097,4,2,2,data3/butterfly,data3/butterfly_6_v_6
6098,1,1,1,data3/scooter-black,data3/scooter-black_6_v_6
6099,3,1,2,data3/kart-turn,data3/kart-turn_6_v_6
6100,2,1,1,data3/inflatable,data3/inflatable_6_v_6
6101,3,1,1,data3/city-ride,data3/city-ride_6_v_6
6102,2,1,1,data3/guitar-violin,data3/guitar-violin_6_v_6
6103,1,1,1,data3/trucks-race,data3/trucks-race_6_v_6
6104,2,1,1,data3/hockey,data3/hockey_6_v_6
6105,1,1,1,data3/kite-walk,data3/kite-walk_6_v_6
6106,1,1,1,data3/puppet,data3/puppet_6_v_6
6107,2,2,2,data3/boxing,data3/boxing_6_v_6
6108,2,1,1,data3/curling,data3/curling_6_v_6
6109,3,2,2,data3/bmx-rider,data3/bmx-rider_6_v_6
6110,2,1,1,data3/camel,data3/camel_6_v_6
6111,1,1,1,data3/elephant,data3/elephant_6_v_6
6112,3,2,2,data3/tennis-vest,data3/tennis-vest_6_v_6
6113,3,1,2,data3/horse-race,data3/horse-race_6_v_6
6114,2,1,1,data3/e-bike,data3/e-bike_6_v_6
6115,1,1,1,data3/surfer,data3/surfer_6_v_6
6116,1,1,1,data3/chamaleon,data3/chamaleon_6_v_6
6117,2,1,1,data3/snowboard-race,data3/snowboard-race_6_v_6
6118,3,2,2,data3/cat-girl,data3/cat-girl_6_v_6
6119,2,1,1,data3/speed-skating,data3/speed-skating_6_v_6
6120,3,1,1,data3/stroller,data3/stroller_6_v_6
6121,3,2,2,data3/varanus-tree,data3/varanus-tree_6_v_6
6122,4,3,3,data3/rallye,data3/rallye_6_v_6
6123,2,1,1,data3/mtb-race,data3/mtb-race_6_v_6
6124,2,1,2,data3/dog-gooses,data3/dog-gooses_6_v_6
6125,1,1,1,data3/circus,data3/circus_6_v_6
6126,3,1,1,data3/car-roundabout,data3/car-roundabout_6_v_6
6127,4,2,2,data3/breakdance-flare,data3/breakdance-flare_6_v_6
6128,1,1,1,data3/flamingo,data3/flamingo_6_v_7
6129,3,2,2,data3/gold-fish,data3/gold-fish_6_v_7
6130,1,1,1,data3/bears-ball,data3/bears-ball_6_v_7
6131,3,2,2,data3/horsejump-stick,data3/horsejump-stick_6_v_7
6132,2,2,2,data3/dance-jump,data3/dance-jump_6_v_7
6133,2,1,1,data3/landing,data3/landing_6_v_7
6134,2,2,2,data3/mbike-trick,data3/mbike-trick_6_v_7
6135,2,1,1,data3/boat,data3/boat_6_v_7
6136,3,1,1,data3/drift-turn,data3/drift-turn_6_v_7
6137,1,1,1,data3/table-tennis,data3/table-tennis_6_v_7
6138,2,1,1,data3/car-turn,data3/car-turn_6_v_7
6139,2,1,1,data3/koala,data3/koala_6_v_7
6140,1,1,1,data3/boxing-fisheye,data3/boxing-fisheye_6_v_7
6141,2,1,1,data3/dolphins,data3/dolphins_6_v_7
6142,3,2,2,data3/rhino,data3/rhino_6_v_7
6143,3,1,1,data3/rollerblade,data3/rollerblade_6_v_7
6144,1,1,1,data3/tennis,data3/tennis_6_v_7
6145,3,2,2,data3/aerobatics,data3/aerobatics_6_v_7
6146,2,2,2,data3/planes-water,data3/planes-water_6_v_7
6147,1,1,1,data3/subway,data3/subway_6_v_7
6148,4,2,3,data3/libby,data3/libby_6_v_7
6149,2,1,1,data3/girl-dog,data3/girl-dog_6_v_7
6150,2,1,1,data3/dog-agility,data3/dog-agility_6_v_7
6151,4,2,3,data3/mallard-water,data3/mallard-water_6_v_7
6152,1,1,1,data3/ducks,data3/ducks_6_v_7
6153,2,1,1,data3/breakdance,data3/breakdance_6_v_7
6154,2,1,1,data3/car-competition,data3/car-competition_6_v_7
6155,1,1,1,data3/twist-dance,data3/twist-dance_6_v_7
6156,4,1,2,data3/monster-trucks,data3/monster-trucks_6_v_7
6157,2,1,1,data3/skate-jump,data3/skate-jump_6_v_7
6158,1,1,1,data3/crafting,data3/crafting_6_v_7
6159,1,1,1,data3/motorbike,data3/motorbike_6_v_7
7000,4,4,3,data2/peacock,data2/peacock_7_v_0
7001,4,4,3,data2/gold-fish,data2/gold-fish_7_v_0
7002,4,2,3,data2/horse-race,data2/horse-race_7_v_0
7003,4,4,4,data2/ocean-birds,data2/ocean-birds_7_v_0
7004,5,4,4,data2/monkeys,data2/monkeys_7_v_0
7005,4,3,3,data2/sheep,data2/sheep_7_v_0
7006,4,4,3,data2/camel,data2/camel_7_v_0
7007,4,3,4,data2/dog-competition,data2/dog-competition_7_v_0
7008,1,4,2,data2/videvo_swans,data2/videvo_swans_7_v_0
7009,3,3,3,data2/butterfly,data2/butterfly_7_v_0
7010,4,3,3,data2/cat-girl,data2/cat-girl_7_v_0
7011,4,3,4,data2/horsejump-low,data2/horsejump-low_7_v_0
7012,3,2,2,data2/hurdles-race,data2/hurdles-race_7_v_1
7013,4,3,2,data2/NextQA_man_jump_warehouse,data2/NextQA_man_jump_warehouse_7_v_1
7014,4,2,2,data2/mbike-trick,data2/mbike-trick_7_v_1
7015,3,3,3,data2/volleyball-beach,data2/volleyball-beach_7_v_1
7016,4,3,3,data2/aerobatics,data2/aerobatics_7_v_1
7017,3,3,3,data2/dogs-jump,data2/dogs-jump_7_v_1
7018,4,4,4,data2/horsejump-stick,data2/horsejump-stick_7_v_1
7019,4,3,3,data2/schoolgirls,data2/schoolgirls_7_v_1
7020,4,3,3,data2/breakdance,data2/breakdance_7_v_1
7021,4,3,3,data2/judo,data2/judo_7_v_1
7022,4,3,4,data2/tennis-vest,data2/tennis-vest_7_v_1
7023,4,4,4,data2/hike,data2/hike_7_v_1
7024,3,2,2,data2/e-bike,data2/e-bike_7_v_2
7025,4,3,2,data2/aerobatics,data2/aerobatics_7_v_2
7026,4,2,2,data2/curling,data2/curling_7_v_2
7027,3,3,3,data2/golf,data2/golf_7_v_2
7028,4,3,4,data2/city-ride,data2/city-ride_7_v_2
7029,3,2,2,data2/drift-turn,data2/drift-turn_7_v_2
7030,4,2,3,data2/car-competition,data2/car-competition_7_v_2
7031,4,3,3,data2/motorbike,data2/motorbike_7_v_2
7032,4,3,3,data2/bmx-bumps,data2/bmx-bumps_7_v_2
7033,4,3,4,data2/car-roundabout,data2/car-roundabout_7_v_2
7034,4,4,4,data2/mbike-santa,data2/mbike-santa_7_v_2
7035,4,3,3,data2/guitar-violin,data2/guitar-violin_7_v_2
7036,4,3,2,data2/motocross-bumps,data2/motocross-bumps_7_v_3
7037,4,4,3,data2/rollercoaster,data2/rollercoaster_7_v_3
7038,4,3,2,data2/boxing-fisheye,data2/boxing-fisheye_7_v_3
7039,4,3,4,data2/classic-car,data2/classic-car_7_v_3
7040,4,3,3,data2/horsejump-stick,data2/horsejump-stick_7_v_3
7041,4,3,4,data2/india,data2/india_7_v_3
7042,4,4,3,data2/hurdles-race,data2/hurdles-race_7_v_3
7043,4,2,2,data2/speed-skating,data2/speed-skating_7_v_3
7044,4,3,4,data2/scooter-gray,data2/scooter-gray_7_v_3
7045,4,4,4,data2/kite-surf,data2/kite-surf_7_v_3
7046,5,3,3,data2/mbike-trick,data2/mbike-trick_7_v_3
7047,4,2,3,data2/drone-flying,data2/drone-flying_7_v_3
7048,3,3,3,data2/hockey,data2/hockey_7_v_4
7049,4,3,3,data2/varanus-tree,data2/varanus-tree_7_v_4
7050,4,3,3,data2/monkeys-trees,data2/monkeys-trees_7_v_4
7051,4,3,3,data2/kite-walk,data2/kite-walk_7_v_4
7052,3,2,2,data2/swing-boy,data2/swing-boy_7_v_4
7053,4,3,3,data2/tennis-vest,data2/tennis-vest_7_v_4
7054,4,2,2,data2/cat-girl,data2/cat-girl_7_v_4
7055,3,3,2,data2/boxing,data2/boxing_7_v_4
7056,4,4,2,data2/butterfly,data2/butterfly_7_v_4
7057,4,4,3,data2/breakdance-flare,data2/breakdance-flare_7_v_4
7058,4,3,3,data2/swing,data2/swing_7_v_4
7059,4,2,2,data2/soccerball,data2/soccerball_7_v_4
7060,4,3,2,data2/people-sunset,data2/people-sunset_7_v_4
7061,4,4,4,data2/camel,data2/camel_7_v_4
7062,3,2,2,data2/horse-race,data2/horse-race_7_v_4
7063,4,3,3,data2/bmx-rider,data2/bmx-rider_7_v_4
7064,4,4,3,data2/gym-ball,data2/gym-ball_7_v_4
7065,3,2,2,data2/circus,data2/circus_7_v_4
7066,3,2,3,data2/snowboard-sand,data2/snowboard-sand_7_v_4
7067,4,3,3,data2/rollerblade,data2/rollerblade_7_v_4
7068,5,3,3,data2/rhino,data2/rhino_7_v_4
7069,4,3,3,data2/city-ride,data2/city-ride_7_v_4
7070,4,3,3,data2/elephant,data2/elephant_7_v_4
7071,4,3,3,data2/hike,data2/hike_7_v_4
7072,4,3,3,data2/guitar-violin,data2/guitar-violin_7_v_5
7073,4,3,2,data2/dolphins,data2/dolphins_7_v_5
7074,4,3,3,data2/car-turn,data2/car-turn_7_v_5
7075,4,3,3,data2/dancing,data2/dancing_7_v_5
7076,4,4,4,data2/rollercoaster,data2/rollercoaster_7_v_5
7077,4,2,2,data2/helicopter,data2/helicopter_7_v_5
7078,4,3,4,data2/koala,data2/koala_7_v_5
7079,3,3,3,data2/skate-jump,data2/skate-jump_7_v_5
7080,4,4,3,data2/monkeys,data2/monkeys_7_v_5
7081,4,4,4,data2/crafting,data2/crafting_7_v_5
7082,5,4,4,data2/planes-water,data2/planes-water_7_v_5
7083,4,2,2,data2/crossing,data2/crossing_7_v_5
7084,4,3,3,data2/judo,data2/judo_7_v_5
7085,4,3,2,data2/bears-ball,data2/bears-ball_7_v_5
7086,4,3,2,data2/rallye,data2/rallye_7_v_5
7087,4,3,3,data2/surfer,data2/surfer_7_v_5
7088,4,3,3,data2/dog-control,data2/dog-control_7_v_5
7089,4,3,3,data2/mbike-trick,data2/mbike-trick_7_v_5
7090,4,3,4,data2/volleyball-beach,data2/volleyball-beach_7_v_5
7091,5,2,3,data2/motorbike,data2/motorbike_7_v_5
7092,5,4,4,data2/car-shadow,data2/car-shadow_7_v_5
7093,4,3,2,data2/boat,data2/boat_7_v_5
7094,4,3,4,data2/train,data2/train_7_v_5
7095,3,3,2,data2/boxing-fisheye,data2/boxing-fisheye_7_v_5
7096,3,1,1,data3/hurdles-race,data3/hurdles-race_7_v_6
7097,4,3,3,data3/butterfly,data3/butterfly_7_v_6
7098,1,1,1,data3/scooter-black,data3/scooter-black_7_v_6
7099,2,2,2,data3/kart-turn,data3/kart-turn_7_v_6
7100,1,1,1,data3/inflatable,data3/inflatable_7_v_6
7101,2,2,2,data3/city-ride,data3/city-ride_7_v_6
7102,2,2,2,data3/guitar-violin,data3/guitar-violin_7_v_6
7103,3,2,2,data3/trucks-race,data3/trucks-race_7_v_6
7104,3,2,2,data3/hockey,data3/hockey_7_v_6
7105,3,2,2,data3/kite-walk,data3/kite-walk_7_v_6
7106,3,2,2,data3/puppet,data3/puppet_7_v_6
7107,4,3,2,data3/boxing,data3/boxing_7_v_6
7108,2,2,1,data3/curling,data3/curling_7_v_6
7109,1,1,1,data3/bmx-rider,data3/bmx-rider_7_v_6
7110,3,2,1,data3/camel,data3/camel_7_v_6
7111,2,2,2,data3/elephant,data3/elephant_7_v_6
7112,2,2,2,data3/tennis-vest,data3/tennis-vest_7_v_6
7113,3,2,2,data3/horse-race,data3/horse-race_7_v_6
7114,3,2,1,data3/e-bike,data3/e-bike_7_v_6
7115,1,1,1,data3/surfer,data3/surfer_7_v_6
7116,2,2,2,data3/chamaleon,data3/chamaleon_7_v_6
7117,1,1,1,data3/snowboard-race,data3/snowboard-race_7_v_6
7118,1,1,1,data3/cat-girl,data3/cat-girl_7_v_6
7119,2,1,1,data3/speed-skating,data3/speed-skating_7_v_6
7120,1,1,1,data3/stroller,data3/stroller_7_v_6
7121,3,2,2,data3/varanus-tree,data3/varanus-tree_7_v_6
7122,4,2,2,data3/rallye,data3/rallye_7_v_6
7123,3,3,2,data3/mtb-race,data3/mtb-race_7_v_6
7124,2,1,1,data3/dog-gooses,data3/dog-gooses_7_v_6
7125,1,1,1,data3/circus,data3/circus_7_v_6
7126,4,3,2,data3/car-roundabout,data3/car-roundabout_7_v_6
7127,4,2,3,data3/breakdance-flare,data3/breakdance-flare_7_v_6
7128,4,3,3,data3/flamingo,data3/flamingo_7_v_7
7129,3,3,2,data3/gold-fish,data3/gold-fish_7_v_7
7130,3,2,2,data3/bears-ball,data3/bears-ball_7_v_7
7131,3,2,2,data3/horsejump-stick,data3/horsejump-stick_7_v_7
7132,2,2,2,data3/dance-jump,data3/dance-jump_7_v_7
7133,3,1,1,data3/landing,data3/landing_7_v_7
7134,2,1,1,data3/mbike-trick,data3/mbike-trick_7_v_7
7135,4,2,2,data3/boat,data3/boat_7_v_7
7136,3,2,2,data3/drift-turn,data3/drift-turn_7_v_7
7137,4,3,3,data3/table-tennis,data3/table-tennis_7_v_7
7138,3,2,2,data3/car-turn,data3/car-turn_7_v_7
7139,2,1,1,data3/koala,data3/koala_7_v_7
7140,1,1,1,data3/boxing-fisheye,data3/boxing-fisheye_7_v_7
7141,4,2,2,data3/dolphins,data3/dolphins_7_v_7
7142,4,3,3,data3/rhino,data3/rhino_7_v_7
7143,2,2,2,data3/rollerblade,data3/rollerblade_7_v_7
7144,1,1,1,data3/tennis,data3/tennis_7_v_7
7145,2,2,2,data3/aerobatics,data3/aerobatics_7_v_7
7146,1,1,1,data3/planes-water,data3/planes-water_7_v_7
7147,3,2,2,data3/subway,data3/subway_7_v_7
7148,4,3,3,data3/libby,data3/libby_7_v_7
7149,2,2,2,data3/girl-dog,data3/girl-dog_7_v_7
7150,3,2,2,data3/dog-agility,data3/dog-agility_7_v_7
7151,3,3,3,data3/mallard-water,data3/mallard-water_7_v_7
7152,2,2,2,data3/ducks,data3/ducks_7_v_7
7153,4,2,3,data3/breakdance,data3/breakdance_7_v_7
7154,2,1,1,data3/car-competition,data3/car-competition_7_v_7
7155,3,2,2,data3/twist-dance,data3/twist-dance_7_v_7
7156,3,2,2,data3/monster-trucks,data3/monster-trucks_7_v_7
7157,2,2,2,data3/skate-jump,data3/skate-jump_7_v_7
7158,1,1,1,data3/crafting,data3/crafting_7_v_7
7159,1,1,1,data3/motorbike,data3/motorbike_7_v_7
